n,r,CI95%,p-val,var,group,p-adj
2576,-0.2214583177658803,[-0.26 -0.18],1.904849225189351e-29,A,Amino acid content,1.3143459653806524e-27
2576,-0.09576614516824311,[-0.13 -0.06],1.5430643647939996e-06,AvergaeIntLength,Introns,0.00010647144117078597
2576,-0.04633250906687633,[-0.09 -0.01],0.0198484668650145,C,Amino acid content,1.3695442136860005
2576,0.056247010498371816,[0.02 0.1 ],0.004837302315414832,CAI,Codon bias,0.33377385976362345
2576,-0.02393563527780641,[-0.06  0.02],0.23071920257257833,Charge,Charge,15.919624977507905
2576,-0.025255476482493006,[-0.06  0.01],0.20555719908012263,chrI,Genomic location,14.183446736528461
2576,0.027856038643190282,[-0.01  0.07],0.16263240720763797,chrII,Genomic location,11.22163609732702
2576,0.014733022546290102,[-0.02  0.05],0.4602814013704133,chrIII,Genomic location,31.759416694558517
2576,-0.14363727321568232,[-0.18 -0.11],4.202721248555067e-13,Component_cell,Component,2.899877661502996e-11
2576,-0.017859630112418645,[-0.06  0.02],0.3698754031128958,Component_chromosome,Component,25.52140281478981
2576,-0.13951488943562146,[-0.18 -0.1 ],1.9399215819515937e-12,Component_cytoplasm,Component,1.3385458915465996e-10
2576,-0.01927524874393656,[-0.06  0.02],0.3331464064635734,Component_cytoskeleton,Component,22.987102045986564
2576,-0.15601782313222476,[-0.19 -0.12],3.2447027436569564e-15,Component_cytosol,Component,2.2388448931233e-13
2576,0.006974888106469485,[-0.03  0.05],0.7262069167473121,Component_endosome,Component,50.10827725556453
2576,-0.14662864965121766,[-0.18 -0.11],1.3468858103449832e-13,Component_intracellular,Component,9.293512091380383e-12
2576,-0.02521591256305006,[-0.06  0.01],0.20545735789520378,Component_lysosome,Component,14.17655769476906
2576,0.09493703612437764,[0.06 0.13],1.7787054247369888e-06,Component_mitochondrion,Component,0.00012273067430685223
2576,-0.018584432299358904,[-0.06  0.02],0.35076615303057235,Component_nucleolus,Component,24.202864559109493
2576,-0.043711892566303145,[-0.08 -0.  ],0.028121538644374867,Component_nucleoplasm,Component,1.9403861664618658
2576,-0.13128820707534164,[-0.17 -0.09],3.593408999874549e-11,Component_nucleus,Component,2.4794522099134387e-09
2576,-0.09101266288844388,[-0.13 -0.05],4.677453570489337e-06,Component_organelle,Component,0.0003227442963637643
2576,0.018839905929933412,[-0.02  0.06],0.344182479656209,Component_peroxisome,Component,23.74859109627842
2576,-0.0019238817547275013,[-0.04  0.04],0.9230537703077087,Component_ribosome,Component,63.690710151231904
2576,-0.0058119912235534,[-0.04  0.03],0.7704463856539969,Component_vacuole,Component,53.16080061012579
2576,-0.13258520485161215,[-0.17 -0.09],2.2131212219520478e-11,D,Amino acid content,1.527053643146913e-09
2576,0.09050579641553648,[0.05 0.13],5.194776520945715e-06,E,Amino acid content,0.0003584395799452543
2576,-0.0015710230928019247,[-0.04  0.04],0.937246059118189,end,Genomic location,64.66997807915504
2576,-0.10304481752713786,[-0.14 -0.06],2.3072422241109686e-07,essential,Functional importance,1.5919971346365685e-05
2576,-0.03406667120996297,[-0.07  0.  ],0.08686783089442421,F,Amino acid content,5.99388033171527
2576,-0.1684128421914557,[-0.21 -0.13],1.8560722034925546e-17,funct_betw_centr,Network centrality,1.2806898204098627e-15
2576,-0.16561400623261605,[-0.2  -0.13],6.316509692994402e-17,funct_closeness_centr,Network centrality,4.358391688166137e-15
2576,-0.18521803291619046,[-0.22 -0.15],7.593063784596643e-21,funct_degr_centr,Network centrality,5.2392140113716835e-19
2576,-0.0972847929971989,[-0.14 -0.06],1.0187433566018318e-06,funct_eigen_centr,Network centrality,7.029329160552639e-05
2576,-0.36601627135510656,[-0.4  -0.33],5.926756612234517e-81,G,Amino acid content,4.089462062441816e-79
2576,0.06596068421677173,[0.03 0.1 ],0.0009444276263912406,genelength,Size,0.0651655062209956
2576,-0.06437310034037884,[-0.1  -0.03],0.001204778513266742,H,Amino acid content,0.08312971741540519
2576,-0.0881547555366264,[-0.13 -0.05],9.083023099475965e-06,I,Amino acid content,0.0006267285938638416
2576,0.17677730749124984,[0.14 0.21],3.470041490920249e-19,K,Amino acid content,2.3943286287349717e-17
2576,0.06345845971595535,[0.02 0.1 ],0.0014146288298313638,L,Amino acid content,0.0976093892583641
2576,-0.07550532779706395,[-0.11 -0.04],0.00015288812363034487,log.phase.RPKM,Expression,0.010549280530493796
2576,-0.19832128530564758,[-0.24 -0.16],7.915885281033053e-24,M,Amino acid content,5.4619608439128065e-22
2576,0.06811891013279957,[0.03 0.11],0.0006377786254984213,Mass..kDa.,Size,0.044006725159391066
2576,0.25619409398427034,[0.22 0.29],3.687235838282196e-39,N,Amino acid content,2.544192728414715e-37
2576,-0.09152423353510099,[-0.13 -0.05],4.3944599011059275e-06,NumberIntrons,Introns,0.000303217733176309
2576,0.019287618172599476,[-0.02  0.06],0.3324528870374949,P,Amino acid content,22.93924920558715
2576,-0.15766953217667745,[-0.2  -0.12],1.821179568466597e-15,phys_betw_centr,Network centrality,1.2566139022419518e-13
2576,-0.1476405208646366,[-0.19 -0.11],9.972107525782181e-14,phys_closeness_centr,Network centrality,6.880754192789705e-12
2576,-0.15378763339657917,[-0.19 -0.12],8.851465718207414e-15,phys_degr_centr,Network centrality,6.107511345563115e-13
2576,-0.050669792364660925,[-0.09 -0.01],0.011039436815112198,phys_eigen_centr,Network centrality,0.7617211402427416
2576,-0.015967756886896594,[-0.06  0.02],0.42401442932996075,pI,Charge,29.256995623767292
2576,-0.008958252281443977,[-0.05  0.03],0.65359624779403,Process_autophagy,Process,45.09814109778807
2576,0.005782315826933716,[-0.03  0.04],0.7720709933280268,Process_growth,Process,53.27289853963384
2576,-0.023214634478846266,[-0.06  0.02],0.24479227185985045,Process_reproduction,Process,16.89066675832968
2576,-0.012360533836250062,[-0.05  0.03],0.5357691400560051,Process_translation,Process,36.96807066386435
2576,-0.07063815347919342,[-0.11 -0.03],0.00039554527488479306,Process_transport,Process,0.027292623967050723
2576,0.13013190417899936,[0.09 0.17],5.1567535638765685e-11,Q,Amino acid content,3.5581599590748323e-09
2576,-0.2135450340456678,[-0.25 -0.18],1.890466907543168e-27,R,Amino acid content,1.304422166204786e-25
2576,-0.0003383238812359416,[-0.04  0.04],0.9864724696692978,Rel_centromere,Genomic location,68.06660040718155
2576,0.0003383238812359416,[-0.04  0.04],0.9864724696692978,Rel_telomere,Genomic location,68.06660040718155
2576,0.06671887894702691,[0.03 0.11],0.0008238015683317106,Residues,Size,0.05684230821488803
2576,0.4445858727305589,[0.41 0.48],6.41174505223969e-123,S,Amino acid content,4.424104086045386e-121
2576,0.062491129677894205,[0.02 0.1 ],0.0017381109718016998,solid.med.fitness,Functional importance,0.11992965705431728
2576,-0.0016094988956485289,[-0.04  0.04],0.9357124456557977,start,Genomic location,64.56415875025004
2576,-0.07496291501199161,[-0.11 -0.04],0.00017055730162664516,sum.mRNA.cpc,Expression,0.011768453812238516
2576,-0.05672062974418069,[-0.1  -0.02],0.004475127583126487,sum.protein.cpc,Expression,0.3087838032357276
2576,0.018937896094514187,[-0.02  0.06],0.3412955080378738,T,Amino acid content,23.54939005461329
2576,-0.20718635724887194,[-0.24 -0.17],6.67212734882681e-26,V,Amino acid content,4.603767870690499e-24
2576,-0.12359860432479067,[-0.16 -0.09],4.545143437529431e-10,W,Amino acid content,3.1361489718953075e-08
2576,-0.11855633590032266,[-0.16 -0.08],2.2605251885598733e-09,Y,Amino acid content,1.5597623801063125e-07
